{"cameraMode":{"drawMode":0,"name":"Shaded","section":"Shading Mode"},"sceneLighting":true,"audioPlay":false,"sceneViewState":{"m_AlwaysRefresh":false,"showFog":true,"showSkybox":true,"showFlares":true,"showImageEffects":true,"showParticleSystems":true,"showVisualEffectGraphs":true,"m_FxEnabled":true},"in2DMode":false,"pivot":{"x":-2.550161361694336,"y":-3.5492115020751955,"z":37.27207946777344},"rotation":{"x":0.06477603316307068,"y":-0.0164573285728693,"z":0.0012551444815471769,"w":0.998185932636261},"size":25.169504165649415,"orthographic":false}